BlockId,TotalLogs,FirstTimestamp,LastTimestamp,EventSequence
blk_-3102267849859399193,8,203533,204731,E5 E5 E22 E7 E11 E10 E14 E7
blk_-5087939924532795057,2,203810,203810,E5 E22
blk_188682839063125077,2,203816,203816,E5 E22
blk_1483694219884556894,2,203844,203844,E5 E22
blk_7648436334209344608,4,203928,203932,E22 E5 E5 E7
blk_5482154336643183343,2,203940,203941,E5 E22
blk_-5447417104355795463,4,203943,203948,E5 E22 E5 E7
blk_8201117867106038775,2,203944,203944,E22 E5
blk_7689982531196174133,2,203950,203950,E22 E5
blk_-3048100091565287612,4,203958,204002,E22 E5 E5 E7
blk_2299327360406878240,2,204005,204005,E22 E5
blk_8591542202077771197,4,204008,204014,E5 E22 E5 E7
blk_-8188730556182299562,4,204027,204031,E5 E22 E5 E7
blk_1907193123990348590,2,204031,204031,E22 E5
blk_-4584260656075541553,4,204033,204042,E22 E5 E5 E7
blk_-4000271277927010782,4,204049,204053,E22 E5 E5 E7
blk_6497123060009861497,2,204102,204103,E5 E22
blk_-6368080607687883191,2,204112,204112,E22 E5
blk_-8599731671847920909,4,204112,204115,E22 E5 E5 E7
blk_9059213897892511730,2,204123,204123,E22 E5
blk_4971154345890344,4,204123,204127,E22 E5 E5 E7
blk_1324709291391680362,4,204133,204142,E22 E5 E5 E7
blk_701002159220026110,2,204134,204134,E22 E5
blk_5972760974375530027,2,204134,204134,E22 E5
blk_-9136899640657293877,4,204141,204149,E22 E5 E5 E7
blk_-1716295386405014363,4,204142,204145,E22 E5 E5 E7
blk_-6537466496668089147,2,204147,204147,E22 E5
blk_-3068938607837722121,4,204148,204151,E22 E5 E5 E7
blk_7819129300327159896,4,204155,204159,E22 E5 E5 E7
blk_8955019103629391894,4,204156,204159,E22 E5 E5 E7
blk_-8497592682221017946,2,204159,204159,E22 E5
blk_-6744501669016713784,2,204200,204200,E22 E5
blk_-67897746448958425,4,204205,204209,E22 E5 E5 E7
blk_-2720637654072551626,2,204209,204209,E22 E5
blk_-6215051590034285968,2,204212,204212,E22 E5
blk_1344575558593443180,4,204213,204217,E22 E5 E5 E7
blk_-2195201456641508025,4,204215,204221,E22 E5 E5 E7
blk_-911884192120662511,4,204219,204222,E22 E5 E5 E7
blk_-6120634070609301891,2,204219,204219,E22 E5
blk_8651970783815872348,2,204221,204221,E22 E5
blk_-8840533539329242262,4,204230,204232,E22 E5 E5 E7
blk_7976374953602198954,4,204232,204235,E22 E5 E5 E7
blk_-1541612089083514964,2,204233,204233,E22 E5
blk_5073858743108971792,2,204233,204233,E22 E5
blk_-7854206162767030463,2,204235,204235,E22 E5
blk_-1317531069481353823,4,204235,204238,E22 E5 E5 E7
blk_5782302342707141533,2,204242,204242,E22 E5
blk_5908206538552454113,4,204249,204252,E22 E5 E5 E7
blk_-4845663345676718484,2,204258,204258,E22 E5
blk_-4194977335586343802,2,204258,204258,E22 E5
blk_-7044024876920809411,2,204303,204303,E22 E5
blk_1968107584907454835,2,204309,204309,E22 E5
blk_1540682700808261265,4,204312,204317,E22 E5 E5 E7
blk_4797010597622047462,4,204315,204319,E22 E5 E5 E7
blk_-5350492094942566244,4,204330,204337,E22 E5 E5 E7
blk_3061937980832296286,4,204344,204348,E22 E5 E5 E7
blk_-2806392838173367292,4,204350,204353,E22 E5 E5 E7
blk_-202615617634445955,4,204356,204359,E22 E5 E5 E7
blk_7362149085962708450,2,204357,204357,E22 E5
blk_2654016902986803151,2,204400,204400,E22 E5
blk_5679332564404011413,2,204403,204404,E22 E5
blk_25023618081021823,2,204404,204404,E22 E5
blk_-7418519047272044126,4,204411,204415,E22 E5 E5 E7
blk_-487160497666132,4,204411,204415,E22 E5 E5 E7
blk_43482893556276394,2,204413,204413,E22 E5
blk_8486355478273768083,2,204415,204415,E22 E5
blk_-2609147762147790302,4,204417,204421,E22 E5 E5 E7
blk_-1188841150645918532,4,204420,204429,E22 E5 E5 E7
blk_7344562686205640955,2,204423,204423,E22 E5
blk_809602586563834919,2,204425,204425,E22 E5
blk_8102914646678377423,4,204434,204438,E22 E5 E5 E7
blk_-8564559053757187153,4,204436,204440,E22 E5 E5 E7
blk_-3947118178407586866,4,204439,204440,E22 E5 E5 E7
blk_3447884879668134874,4,204444,204449,E22 E5 E5 E7
blk_7813615865800609642,2,204447,204447,E22 E5
blk_-7981936966289431785,2,204449,204449,E22 E5
blk_-3485739706870275513,2,204455,204455,E22 E5
blk_8592983560257358579,4,204506,204509,E22 E5 E5 E7
blk_6006300655294348209,4,204511,204513,E22 E5 E5 E7
blk_-6324108399310032667,2,204512,204512,E22 E5
blk_-8213344449220111733,20,204515,204524,E22 E5 E5 E5 E25 E26 E26 E26 E11 E9 E11 E9 E11 E9 E18 E5 E26 E6 E16 E21
blk_-9203207203433266408,4,204516,204519,E22 E5 E5 E7
blk_-4269455850074860629,4,204517,204519,E22 E5 E5 E7
blk_1103903302069232031,4,204518,204523,E22 E5 E5 E7
blk_-50592998855094089,2,204525,204525,E22 E5
blk_6016970584388797504,2,204525,204525,E22 E5
blk_6505703663224043518,2,204531,204531,E22 E5
blk_-4112386892632996202,4,204539,204542,E22 E5 E5 E7
blk_-6899869435641005946,20,204551,204600,E22 E5 E5 E5 E26 E26 E11 E9 E11 E9 E11 E9 E18 E25 E26 E5 E26 E6 E16 E21
blk_-919439116365725304,20,204551,204604,E22 E5 E5 E5 E26 E25 E26 E26 E11 E9 E11 E9 E11 E9 E18 E5 E26 E6 E16 E21
blk_5647191344005583177,20,204551,204704,E22 E5 E5 E5 E26 E26 E11 E9 E11 E9 E11 E9 E25 E26 E18 E5 E6 E16 E26 E21
blk_-8191677345482862686,20,204553,204603,E22 E5 E5 E5 E25 E26 E26 E26 E11 E9 E11 E9 E11 E9 E18 E5 E26 E6 E16 E21
blk_-4712584287845875396,4,204608,204614,E22 E5 E5 E7
blk_-6739860488313725269,20,204609,204631,E22 E5 E5 E5 E26 E26 E11 E9 E11 E9 E9 E25 E26 E11 E18 E5 E26 E6 E16 E21
blk_3584224065406961324,20,204611,204624,E22 E5 E5 E5 E25 E26 E26 E26 E11 E9 E11 E9 E11 E9 E18 E26 E6 E5 E16 E21
blk_-7007586470894854585,4,204611,204612,E22 E5 E5 E5
blk_-7057732666118938934,20,204613,204626,E22 E5 E5 E5 E26 E26 E11 E9 E11 E9 E11 E9 E25 E26 E18 E26 E6 E5 E16 E21
blk_3557914126063085372,20,204613,204623,E22 E5 E5 E5 E25 E26 E26 E11 E9 E11 E9 E11 E9 E26 E18 E5 E26 E16 E6 E21
blk_349284099419601276,20,204615,204626,E22 E5 E5 E5 E26 E26 E11 E9 E11 E9 E11 E9 E18 E25 E5 E26 E16 E6 E26 E21
blk_-30639162771126691,4,204617,204619,E22 E5 E5 E7
blk_4356667732178060953,4,204621,204625,E22 E5 E5 E7
blk_7231490463136154050,2,204622,204622,E22 E5
blk_-5410886886439711883,20,204623,204631,E22 E5 E5 E5 E18 E25 E26 E26 E26 E11 E9 E11 E9 E11 E9 E16 E6 E5 E26 E21
blk_3844292022306268975,4,204624,204631,E22 E5 E5 E7
blk_271745319033279389,4,204627,204632,E22 E5 E5 E7
blk_5325692556778253782,2,204631,204631,E22 E5
blk_-3436549335889744100,4,204633,204636,E22 E5 E5 E7
blk_-1597249921068575545,20,204633,204652,E22 E5 E5 E5 E26 E26 E11 E9 E11 E9 E25 E26 E11 E9 E18 E5 E16 E6 E26 E21
blk_-4304326910587241051,24,204634,204652,E22 E5 E5 E5 E25 E26 E26 E26 E11 E9 E11 E9 E11 E9 E18 E5 E5 E26 E6 E16 E26 E6 E21 E21
blk_-86536490425027391,2,204635,204635,E22 E5
blk_7745330378458307842,4,204641,204644,E22 E5 E5 E7
blk_216026994465296073,20,204643,204658,E22 E5 E5 E5 E11 E9 E25 E26 E26 E26 E11 E9 E11 E9 E18 E5 E26 E6 E16 E21
blk_5836709889176378774,20,204646,204704,E22 E5 E5 E5 E26 E11 E9 E25 E26 E11 E9 E11 E9 E26 E18 E6 E5 E16 E26 E21
blk_2468439833353548974,2,204650,204650,E22 E5
blk_4085933465992995945,4,204651,204655,E22 E5 E5 E7
blk_-5304178986508314412,4,204655,204658,E22 E5 E5 E7
blk_-3000203287955847711,4,204655,204659,E22 E5 E5 E7
blk_-730360888507267446,20,204658,204712,E22 E5 E5 E5 E26 E26 E11 E9 E11 E9 E11 E9 E25 E26 E18 E5 E26 E16 E6 E21
blk_-1552272238828007233,20,204658,204705,E22 E5 E5 E5 E18 E25 E26 E26 E26 E11 E9 E11 E9 E11 E9 E26 E16 E6 E5 E21
blk_-6148165469951190736,2,204715,204715,E22 E5
blk_-2265952034166766747,4,204718,204722,E22 E5 E5 E7
blk_-4947327318483033747,4,204721,204724,E22 E5 E5 E7
blk_6568407330504668931,2,204722,204722,E22 E5
blk_9034114946032467285,4,204723,204726,E22 E5 E5 E7
blk_-6850031465850265128,2,204724,204724,E22 E5
blk_-2930340164474214859,4,204727,204731,E22 E5 E5 E7
blk_7165939739964393997,4,204728,204731,E22 E5 E5 E7
blk_7536693147882198965,20,204730,204741,E22 E5 E5 E5 E25 E26 E26 E26 E11 E9 E11 E9 E11 E9 E18 E5 E26 E6 E16 E21
blk_3057845822257859655,20,204733,204740,E22 E5 E5 E26 E5 E11 E9 E11 E9 E25 E26 E11 E9 E26 E18 E26 E6 E5 E16 E21
blk_-1780565608686923167,4,204733,204736,E22 E5 E5 E7
blk_6020581958434707871,2,204733,204733,E22 E5
blk_4423128029576346005,2,204737,204737,E22 E5
blk_-1517677120733471382,4,204744,204747,E22 E5 E5 E7
blk_4541000363587104455,2,204745,204745,E22 E5
blk_-1704356550921684323,2,204754,204754,E22 E5
blk_-1946694783635652405,20,204756,204803,E22 E5 E5 E26 E26 E5 E11 E9 E11 E9 E11 E9 E25 E26 E18 E26 E16 E6 E5 E21
blk_3662628695837082582,2,204756,204756,E22 E5
blk_4639125578448119006,2,204758,204758,E22 E5
blk_-2243172307206444839,2,204804,204804,E22 E5
blk_591782491993940359,4,204805,204809,E22 E5 E5 E7
blk_-6877696701654867296,4,204807,204812,E22 E5 E5 E7
blk_2260576740749849268,20,204810,204822,E22 E5 E5 E5 E25 E26 E26 E26 E11 E9 E11 E9 E11 E9 E18 E5 E26 E6 E16 E21
blk_9127128872713018045,2,204813,204813,E22 E5
blk_-6635163678784332104,2,204818,204818,E22 E5
blk_4241467193520768333,32,204822,205300,E22 E5 E5 E5 E11 E10 E14 E10 E14 E7 E7 E11 E14 E7 E8 E11 E15 E5 E15 E5 E26 E11 E9 E9 E26 E11 E25 E18 E5 E26 E16 E6
blk_-963887220294303910,20,204830,204839,E22 E5 E5 E5 E25 E26 E26 E11 E9 E11 E9 E11 E9 E26 E18 E5 E26 E6 E16 E21
blk_-6714539128345632048,4,204836,204840,E22 E5 E5 E7
